site_no,long,lat,begin_date,end_date,geometry,years_of_data,comid,reachcode,comid-long,comid-lat
01453000,-75.3787914,40.6153761,1902-10-01,2024-12-01,POINT (-75.3787914 40.6153761),122.16837782340862,4188281,02040106000003,-75.37856293082478,40.615210405798805
01457000,-75.0608333,40.6722222,1903-10-01,2024-12-02,POINT (-75.0608333 40.6722222),121.17180013689254,2588261,02040105000055,-75.06106089469775,40.67131167073987
01434000,-74.69713889,41.3705833,1904-10-01,2024-12-01,POINT (-74.69713889 41.3705833),120.16700889801506,4151524,02040104000171,-74.69609202458588,41.37128664233084
01439500,-75.03767469,41.08815078,1908-10-01,2024-12-01,POINT (-75.03767469 41.08815078),116.16700889801506,4153168,02040104000344,-75.03732613351471,41.08848472517633
01431500,-75.1721186,41.4762002,1908-10-01,2024-12-01,POINT (-75.1721186 41.4762002),116.16700889801506,2743198,02040103000015,-75.171809277641,41.47601261814845
01481000,-75.5932623,39.8698328,1911-10-01,2024-12-01,POINT (-75.5932623 39.8698328),113.1690622861054,4652046,02040205000948,-75.59327405662123,39.86934229203102
01463500,-74.7780556,40.22166667,1912-10-01,2024-12-02,POINT (-74.7780556 40.22166667),112.1697467488022,2590277,02040105001083,-74.77164704243381,40.215428849043484
01426500,-75.38352778,42.00302778,1912-11-15,2024-12-01,POINT (-75.38352778 42.00302778),112.04380561259411,2614210,02040101000975,-75.3792752800385,42.002046159374835
01421000,-75.1747222,41.97327778,1912-11-19,2024-12-01,POINT (-75.1747222 41.97327778),112.03285420944559,1752137,02040102000004,-75.17475402064723,41.97310736720814
01471510,-75.9368333,40.3353611,1914-10-01,2024-12-01,POINT (-75.9368333 40.3353611),110.16837782340862,4782313,02040203000136,-75.93707769243248,40.33495437944677
01473000,-75.451567,40.22954725,1914-10-01,2024-12-01,POINT (-75.451567 40.22954725),110.16837782340862,4782107,02040203000046,-75.45173184265344,40.22968817033402
01469500,-75.97185458,40.8069505,1919-10-01,2024-12-02,POINT (-75.97185458 40.8069505),105.17180013689254,4778811,02040203000192,-75.97194720878707,40.806463481798744
01445500,-74.97777778,40.83055556,1921-10-01,2024-12-02,POINT (-74.97777778 40.83055556),103.17043121149898,2586809,02040105000103,-74.97834869200548,40.830661616241464
01467000,-74.6844444,39.97,1921-10-01,2024-12-02,POINT (-74.6844444 39.97),103.17043121149898,4491898,02040202000131,-74.68477075156811,39.97011372245873
01443500,-74.9533333,40.9808333,1921-10-01,2024-12-02,POINT (-74.9533333 40.9808333),103.17043121149898,2586771,02040105000155,-74.9535882189454,40.98110318427957
01446000,-75.04638889,40.8433333,1922-10-01,2024-12-02,POINT (-75.04638889 40.8433333),102.17111567419576,2588225,02040105000257,-75.04628143125949,40.84315003828593
01446500,-75.0825,40.82638889,1922-10-01,2024-12-02,POINT (-75.0825 40.82638889),102.17111567419576,2588381,02040105000097,-75.08382332972201,40.82581990370235
01440000,-74.9525,41.1061111,1923-10-01,2024-12-02,POINT (-74.9525 41.1061111),101.17180013689254,4151302,02040104000006,-74.95644386792797,41.104618853562386
01464000,-74.7491667,40.22416667,1923-10-01,2024-12-02,POINT (-74.7491667 40.22416667),101.17180013689254,2590137,02040105001098,-74.7498009644857,40.22377246471177
01472000,-75.6515752,40.2417631,1927-10-01,2024-12-01,POINT (-75.6515752 40.2417631),97.1690622861054,4782441,02040203000102,-75.65166996697253,40.242028377097824
01473500,-75.3561111,40.11555556,1927-10-01,2024-12-01,POINT (-75.3561111 40.11555556),97.1690622861054,4782491,02040203000027,-75.35526688725517,40.11525162558406
01455500,-74.6655556,40.9172222,1928-07-01,2024-12-02,POINT (-74.6655556 40.9172222),96.42162902121834,2586785,02040105000076,-74.66719831904656,40.91619643563707
01432000,-75.1857304,41.4598114,1909-10-01,2005-09-29,POINT (-75.1857304 41.4598114),95.99452429842573,2743218,02040103004344,-75.18493000380313,41.459503769599216
01412000,-74.9658333,39.41916667,1931-06-01,2024-11-05,POINT (-74.9658333 39.41916667),93.4318959616701,9483432,02040206001805,-74.96584270185241,39.41945533505052
01479000,-75.67502778,39.6992222,1931-10-01,2024-12-01,POINT (-75.67502778 39.6992222),93.1690622861054,4651938,02040205000118,-75.67444954126454,39.69887873407868
01474500,-75.1885007,39.9677908,1931-10-01,2024-12-01,POINT (-75.1885007 39.9677908),93.1690622861054,4784831,02040203000001,-75.18763975478262,39.968457185484624
01477000,-75.4082494,39.8690009,1931-10-01,2024-12-01,POINT (-75.4082494 39.8690009),93.1690622861054,4495846,02040202000207,-75.40830569791868,39.86882770377886
01411500,-75.0769444,39.49555556,1932-10-01,2024-12-02,POINT (-75.0769444 39.49555556),92.1697467488022,9485398,02040206001807,-75.07589122484056,39.49503393521257
01465500,-74.9568342,40.1739982,1934-10-01,2024-12-01,POINT (-74.9568342 40.1739982),90.16837782340862,4480911,02040201000087,-74.95754459652647,40.17406956106962
01417500,-75.11927778,42.0245833,1934-10-01,2024-12-01,POINT (-75.11927778 42.0245833),90.16837782340862,1749281,02040102000060,-75.11964324359974,42.02424398485889
01459500,-75.1165609,40.4337151,1935-10-01,2024-12-01,POINT (-75.1165609 40.4337151),89.1690622861054,2591219,02040105000223,-75.11652174847764,40.43388195792904
01483500,-75.6323056,39.2328611,1931-07-01,2020-01-01,POINT (-75.6323056 39.2328611),88.50376454483231,8075192,02040207000159,-75.63222344907331,39.23303653070452
01484000,-75.5669167,38.97602778,1931-07-01,2020-01-01,POINT (-75.5669167 38.97602778),88.50376454483231,8076762,02040207000096,-75.56646643137674,38.97606645881252
01415000,-74.8186111,42.12,1937-02-01,2024-12-01,POINT (-74.8186111 42.12),87.8302532511978,1748589,02040102000204,-74.81956968064392,42.119521537154185
01414500,-74.7305556,42.1061111,1937-02-01,2024-12-01,POINT (-74.7305556 42.1061111),87.8302532511978,1748611,02040102000080,-74.7305065138588,42.107142207517164
01413500,-74.6536111,42.1447222,1937-02-01,2024-12-01,POINT (-74.6536111 42.1447222),87.8302532511978,1748583,02040102000083,-74.65311633812529,42.14397956886979
01421900,-74.9072222,42.28027778,1937-04-01,2024-12-01,POINT (-74.9072222 42.28027778),87.66872005475702,2612822,02040101000125,-74.90764541944148,42.280170376448396
01437500,-74.60188889,41.4413611,1937-07-31,2024-12-01,POINT (-74.60188889 41.4413611),87.33744010951403,4151216,02040104000087,-74.60151364320619,41.44104330132906
01419500,-74.81277778,41.9033333,1937-08-29,2024-12-01,POINT (-74.81277778 41.9033333),87.2580424366872,1750471,02040102000032,-74.81325913221474,41.90342448537003
01422500,-74.9010556,42.25238889,1937-10-01,2024-12-01,POINT (-74.9010556 42.25238889),87.16769336071184,2612842,02040101000119,-74.90153672896245,42.25248285102757
01435000,-74.5898056,41.88994444,1937-11-01,2024-12-01,POINT (-74.5898056 41.88994444),87.08281998631075,4147956,02040104000140,-74.59008987196107,41.889615371507745
01433500,-74.75877778,41.4612222,1939-08-15,2024-12-01,POINT (-74.75877778 41.4612222),85.29774127310061,4150156,02040104000179,-74.7589323702737,41.46132839721794
01445000,-74.77638889,40.9808333,1939-10-01,2024-12-02,POINT (-74.77638889 40.9808333),85.17180013689254,2586769,02040105000119,-74.77718057056046,40.98075893221947
01438500,-74.79527778,41.30916667,1939-10-01,2024-12-02,POINT (-74.79527778 41.30916667),85.17180013689254,4151628,02040104000050,-74.7956079659893,41.30892340920299
01450500,-75.5979643,40.8062047,1939-10-01,2024-12-01,POINT (-75.5979643 40.8062047),85.1690622861054,4187957,02040106000123,-75.5980527321746,40.80559882031138
01482500,-75.33027778,39.64388889,1940-04-01,2024-12-02,POINT (-75.33027778 39.64388889),84.67077344284736,9481992,02040206000219,-75.3299650065526,39.64326673541313
01475001,-75.1144444,39.73888889,1940-04-05,2024-12-01,POINT (-75.1144444 39.73888889),84.65708418891171,4495272,02040202000048,-75.11463875852102,39.73889180882959
01464500,-74.6,40.1372222,1940-08-10,2024-12-01,POINT (-74.6 40.1372222),84.30937713894593,4481607,02040201000032,-74.6003455405763,40.1370985941922
01427500,-75.04838889,41.76055556,1940-10-01,2024-12-01,POINT (-75.04838889 41.76055556),84.16700889801506,2617252,02040101000001,-75.0485503751869,41.76083072745759
01428500,-74.9860556,41.50875,1940-10-01,2024-12-01,POINT (-74.9860556 41.50875),84.16700889801506,2615318,02040101000023,-74.98451784395277,41.506507868318025
01417000,-74.97627778,42.07502778,1941-07-01,2024-12-01,POINT (-74.97627778 42.07502778),83.41957563312799,1748727,02040102000078,-74.97718369033079,42.07444085483399
01414000,-74.6955556,42.13305556,1941-10-01,2024-12-01,POINT (-74.6955556 42.13305556),83.16769336071184,1748723,02040102000098,-74.6950620721211,42.132023911367575
01436000,-74.6355556,41.82,1941-10-01,2024-12-01,POINT (-74.6355556 41.82),83.16769336071184,4147432,02040104000138,-74.6351770576017,41.820198744353526
01478000,-75.72788889,39.63738889,1943-04-01,2024-12-01,POINT (-75.72788889 39.63738889),81.67008898015058,4651956,02040205000155,-75.7278901161716,39.63699774346919
01480000,-75.6365,39.76280556,1943-04-01,2024-12-01,POINT (-75.6365 39.76280556),81.67008898015058,4651912,02040205000108,-75.63625867068396,39.76272096931977
01429500,-75.26710469,41.6072181,1943-10-01,2024-12-01,POINT (-75.26710469 41.6072181),81.1690622861054,2739766,02040103000024,-75.26718153107164,41.607021488651014
01480500,-75.8274467,39.98566144,1943-10-01,2024-12-01,POINT (-75.8274467 39.98566144),81.1690622861054,932040162,02040205000083,-75.82747106759435,39.98525727024873
01447500,-75.62545259,41.1302794,1943-10-01,2024-12-01,POINT (-75.62545259 41.1302794),81.1690622861054,4185679,02040106000091,-75.62682624443774,41.1299884525017
01452000,-75.4824053,40.62315267,1944-10-01,2024-12-01,POINT (-75.4824053 40.62315267),80.16700889801506,4188007,02040106000118,-75.47916102630185,40.62300433079642
01429000,-75.326829,41.5872185,1944-10-01,2024-12-01,POINT (-75.326829 41.5872185),80.16700889801506,2739772,02040103000041,-75.32705444432975,41.586893667330635
01451500,-75.48296088,40.5823197,1945-10-01,2024-12-01,POINT (-75.48296088 40.5823197),79.16769336071184,4188011,02040106000322,-75.48339310769785,40.58229456251599
01477800,-75.5186944,39.7609722,1945-12-01,2024-12-01,POINT (-75.5186944 39.7609722),79.00068446269678,4651906,02040205000836,-75.51889628374752,39.76084940449293
01428000,-75.0144444,41.56388889,1946-10-01,2024-12-01,POINT (-75.0144444 41.56388889),78.16837782340862,2617174,02040101000265,-75.01518546437691,41.56325501184666
01481500,-75.5766944,39.7695,1946-10-01,2024-12-01,POINT (-75.5766944 39.7695),78.16837782340862,4655440,02040205000021,-75.57684771446608,39.76935095283794
01451000,-75.60296388,40.7570395,1946-10-01,2024-12-01,POINT (-75.60296388 40.7570395),78.16837782340862,4188205,02040106000011,-75.60361938175878,40.75633349618615
01470500,-75.99826819,40.5225932,1947-08-01,2024-12-01,POINT (-75.99826819 40.5225932),77.33607118412047,4779167,02040203001380,-75.99788054519361,40.52219271196596
01468500,-76.1246622,40.6292577,1947-10-01,2024-12-01,POINT (-76.1246622 40.6292577),77.1690622861054,4779603,02040203000934,-76.1235398223755,40.629054229385204
01452500,-75.37934709,40.6412091,1948-10-01,2024-12-01,POINT (-75.37934709 40.6412091),76.16700889801506,4188017,02040106000832,-75.37943516107899,40.64086208788606
01430000,-75.2479377,41.5619407,1948-10-01,2024-12-01,POINT (-75.2479377 41.5619407),76.16700889801506,2739776,02040103000022,-75.24663210063058,41.5616404690043
01442500,-75.1426788,40.998706,1950-10-01,2024-12-01,POINT (-75.1426788 40.998706),74.16837782340862,4154488,02040104000369,-75.14253167354461,40.998385804303844
01423000,-75.14002778,42.1661111,1950-10-01,2024-12-01,POINT (-75.14002778 42.1661111),74.16837782340862,2613578,02040101000085,-75.14065303557408,42.16564660791722
01471000,-75.9791015,40.36898166,1950-10-01,2024-12-01,POINT (-75.9791015 40.36898166),74.16837782340862,4782017,02040203000224,-75.97901379247975,40.36936297841058
01425000,-75.3958056,42.07491667,1952-07-01,2024-12-01,POINT (-75.3958056 42.07491667),72.41889117043121,2614238,02040101000072,-75.40234156663578,42.079657706416654
0142400103,-75.2794444,42.1735833,1952-10-01,2024-12-01,POINT (-75.2794444 42.1735833),72.16700889801506,2614018,02040101000152,-75.27918937129378,42.173133898746265
01466500,-74.50527778,39.885,1953-10-01,2024-12-02,POINT (-74.50527778 39.885),71.17043121149898,4499256,02040202001971,-74.5056529644129,39.88497736377091
01483200,-75.66938889,39.36627778,1956-10-01,2024-12-01,POINT (-75.66938889 39.36627778),68.16700889801506,4653422,02040205000006,-75.66923406591488,39.36655168300219
01440400,-75.2146251,41.0848148,1957-10-01,2024-12-01,POINT (-75.2146251 41.0848148),67.16769336071184,4153166,02040104000377,-75.21482278390475,41.084487362377075
01447800,-75.73212288,41.10472447,1957-10-01,2024-12-01,POINT (-75.73212288 41.10472447),67.16769336071184,4186403,02040106000047,-75.73200531539867,41.1042082461844
01483700,-75.5190833,39.1637222,1958-01-01,2024-12-01,POINT (-75.5190833 39.1637222),66.91581108829568,8074660,02040207000133,-75.5192440817556,39.163796698548346
01484100,-75.51275,38.90577778,1958-05-01,2024-12-01,POINT (-75.51275 38.90577778),66.58726899383984,8077030,02040207000054,-75.51280380536932,38.90597725044867
01480300,-75.8607744,40.07287916,1960-06-01,2024-12-01,POINT (-75.8607744 40.07287916),64.50102669404518,4648694,02040205000089,-75.86069668212882,40.07227685883363
01465850,-74.7630556,39.94,1961-07-01,2024-12-02,POINT (-74.7630556 39.94),63.422313483915126,4492122,02040202000097,-74.76394938541605,39.9400775542327
01473900,-75.2198992,40.1239987,1961-09-01,2024-12-01,POINT (-75.2198992 40.1239987),63.2498288843258,4781731,02040203001362,-75.22031250456224,40.123979855147084
01447720,-75.6054522,41.08472426,1961-10-01,2024-12-01,POINT (-75.6054522 41.08472426),63.167693360711844,4185779,02040106000053,-75.6053281751743,41.08509504355838
01467150,-75.02138889,39.90305556,1963-10-01,2024-12-02,POINT (-75.02138889 39.90305556),61.17180013689254,4495892,02040202000070,-75.021931425523,39.90287867685624
01467042,-75.0690517,40.0897334,1964-08-13,2024-12-01,POINT (-75.0690517 40.0897334),60.30116358658453,4489170,02040202001385,-75.06788801958137,40.08956058056435
01469700,-75.9565925,40.77314556,1950-04-01,2010-07-15,POINT (-75.9565925 40.77314556),60.28747433264887,4778833,02040203000189,-75.95701387412645,40.77284595233888
01475530,-75.2798924,39.9747355,1964-10-01,2024-12-01,POINT (-75.2798924 39.9747355),60.167008898015055,4495656,02040202001355,-75.27950612239452,39.974545232236636
01447680,-75.52138889,41.06527778,1965-04-01,2024-12-01,POINT (-75.52138889 41.06527778),59.66872005475702,4185837,02040106000063,-75.52114678385448,41.06564696185491
01470960,-76.0252159,40.3706482,1965-05-01,2024-12-01,POINT (-76.0252159 40.3706482),59.58658453114305,4783213,02040203000226,-76.02448690287167,40.370911590023866
01467048,-75.0326619,40.0500115,1965-06-01,2024-12-01,POINT (-75.0326619 40.0500115),59.501711156741955,4489178,02040202001383,-75.0320708071168,40.04975374942875
01465798,-74.9851603,40.0569557,1965-07-01,2024-12-01,POINT (-74.9851603 40.0569557),59.419575633128,4488242,02040202001411,-74.98402401515264,40.05725313310082
01480700,-75.7085488,40.03482757,1965-10-01,2024-12-01,POINT (-75.7085488 40.03482757),59.167693360711844,4648568,02040205000053,-75.70851157751989,40.034595205630936
01474000,-75.2068343,40.0152903,1965-10-01,2024-12-01,POINT (-75.2068343 40.0152903),59.167693360711844,4782187,02040203000002,-75.20654186267974,40.01524555527117
01467086,-75.1121191,40.04261157,1965-10-01,2024-12-01,POINT (-75.1121191 40.04261157),59.167693360711844,4489180,02040202000149,-75.1124652520078,40.04220956756816
01451800,-75.626854,40.66176219,1966-02-01,2024-12-01,POINT (-75.626854 40.66176219),58.83093771389459,4187713,02040106000119,-75.62670632596132,40.661953142175136
01477120,-75.2591667,39.74055556,1966-04-01,2024-12-01,POINT (-75.2591667 39.74055556),58.6694045174538,4495818,02040202000011,-75.25961676969303,39.740584034807355
01480675,-75.74159878,40.09787927,1966-08-01,2024-12-01,POINT (-75.74159878 40.09787927),58.33538672142368,4648686,02040205000702,-75.74148220580474,40.09806580563861
01443900,-75.0391667,40.98055556,1966-10-01,2024-12-02,POINT (-75.0391667 40.98055556),58.171115674195754,2587723,02040105000330,-75.04006015047885,40.98020785899151
01454700,-75.23628808,40.6692656,1966-10-01,2024-12-01,POINT (-75.23628808 40.6692656),58.168377823408626,4188251,02040106000001,-75.23716667833887,40.66969475989647
01449360,-75.5024077,40.8975919,1966-10-01,2024-12-01,POINT (-75.5024077 40.8975919),58.168377823408626,4187925,02040106000018,-75.5027535658028,40.8978113852797
01449800,-75.6457437,40.84564756,1967-08-01,2024-12-01,POINT (-75.6457437 40.84564756),57.33607118412046,4187341,02040106000016,-75.6459690280987,40.8451960322613
01467081,-75.0011111,39.94166667,1967-10-01,2024-12-02,POINT (-75.0011111 39.94166667),57.17180013689254,4495672,02040202001663,-75.00126872359397,39.94190352039503
01420000,-74.7972222,41.87277778,1924-10-01,1981-09-29,POINT (-74.7972222 41.87277778),56.993839835728956,1750601,02040102000025,-74.79768333488936,41.87277667607615
01472157,-75.601305,40.15149064,1968-10-01,2024-12-01,POINT (-75.601305 40.15149064),56.167008898015055,4782153,02040203000255,-75.60126323279547,40.15209560255256
01436500,-74.5976111,41.7566111,1937-10-21,1993-09-30,POINT (-74.5976111 41.7566111),55.94250513347023,4147458,02040104000136,-74.59755279659063,41.75636114275108
01480617,-75.8013341,39.9617734,1970-01-01,2024-12-01,POINT (-75.8013341 39.9617734),54.91581108829569,4650580,02040205000082,-75.80083010395427,39.96174365285881
01480870,-75.6732715,39.9687191,1972-02-01,2024-12-01,POINT (-75.6732715 39.9687191),52.832306639288156,4650548,02040205000049,-75.67315955418682,39.968251739727805
01463620,-74.6719444,40.2697222,1972-09-22,2024-12-01,POINT (-74.6719444 40.2697222),52.19164955509925,2590117,02040105000008,-74.67237952706752,40.269817129366444
01456000,-74.7969444,40.8883333,1921-10-01,1973-10-04,POINT (-74.7969444 40.8883333),52.0082135523614,2586799,02040105000069,-74.7972242679035,40.888274812371336
01480685,-75.71632459,40.05538195,1973-06-01,2024-12-01,POINT (-75.71632459 40.05538195),51.501711156741955,4648728,02040205005903,-75.71796198623245,40.05477145083783
01465000,-75.0326692,40.2551078,1884-07-01,1934-09-29,POINT (-75.0326692 40.2551078),50.24229979466119,4482843,02040201000106,-75.03199546860166,40.255555391394005
01470779,-76.1716128,40.4134258,1974-11-22,2024-12-01,POINT (-76.1716128 40.4134258),50.026009582477755,4783101,02040203000241,-76.17139538967656,40.413260539562316
01427510,-75.0574167,41.75675,1975-06-27,2024-12-01,POINT (-75.0574167 41.75675),49.43189596167009,2617456,02040101000033,-75.05616811485838,41.756594764861624
01448500,-75.5432431,41.0356434,1948-10-01,1996-09-30,POINT (-75.5432431 41.0356434),47.997262149212865,4186205,02040106000740,-75.5457496167202,41.03454886712903
01412800,-75.2555556,39.4725,1977-10-01,2024-12-01,POINT (-75.2555556 39.4725),47.167693360711844,9484462,02040206000148,-75.25580196601052,39.471766457758875
01437000,-74.6454722,41.49580556,1928-07-24,1973-09-29,POINT (-74.6454722 41.49580556),45.18275154004107,4151208,02040104000120,-74.64556884315789,41.4955267364744
01472198,-75.5154532,40.393898,1981-08-24,2024-12-01,POINT (-75.5154532 40.393898),43.27173169062286,4780723,02040203000088,-75.5150961959189,40.393665926261086
01475850,-75.4365864,39.97649897,1981-10-01,2024-12-01,POINT (-75.4365864 39.97649897),43.167693360711844,4494460,02040202000186,-75.43676630148575,39.97663670755708
01472199,-75.5224034,40.3739879,1981-10-01,2024-12-01,POINT (-75.5224034 40.3739879),43.167693360711844,4780787,02040203000542,-75.5218574155457,40.374217259605786
01448000,-75.76130379,41.04036256,1916-10-01,1959-09-29,POINT (-75.76130379 41.04036256),42.992470910335385,4186459,02040106000042,-75.76131206921889,41.0401213176533
01467087,-75.0968411,40.0159454,1982-07-01,2024-12-01,POINT (-75.0968411 40.0159454),42.42026009582478,4489096,02040202001907,-75.09661987267677,40.01594158104023
01473169,-75.46074808,40.07927367,1982-10-01,2024-12-01,POINT (-75.46074808 40.07927367),42.168377823408626,4781877,02040203000511,-75.46098352127902,40.07934168409972
01449000,-75.70518938,40.8292587,1982-10-01,2024-12-01,POINT (-75.70518938 40.8292587),42.168377823408626,4188159,02040106000028,-75.70500305694624,40.829003235261595
01434025,-74.5002222,41.9960833,1983-06-08,2024-12-01,POINT (-74.5002222 41.9960833),41.4839151266256,4147946,02040104001311,-74.50066014284786,41.99528969265056
01472620,-75.2343416,40.40399276,1983-10-01,2024-12-01,POINT (-75.2343416 40.40399276),41.16906228610541,4782009,02040203000064,-75.23470216111606,40.40371292048927
01464984,-75.0537809,40.2406635,1985-11-09,2024-12-01,POINT (-75.0537809 40.2406635),39.06091718001369,4483015,02040201000411,-75.05387138541747,40.240860152941856
01464645,-75.2065626,40.31232805,1985-11-16,2024-12-01,POINT (-75.2065626 40.31232805),39.04175222450377,4482695,02040201000131,-75.20687543453037,40.31265173369687
01449500,-75.55852038,40.92286835,1940-10-01,1979-09-29,POINT (-75.55852038 40.92286835),38.992470910335385,4187083,02040106000246,-75.55878837150574,40.92231551923878
01428750,-75.37601299,41.67452998,1986-10-01,2024-12-01,POINT (-75.37601299 41.67452998),38.168377823408626,2739748,02040103000045,-75.37600801678924,41.67421979853829
01451650,-75.4740717,40.59648637,1986-10-01,2024-12-01,POINT (-75.4740717 40.59648637),38.168377823408626,4187763,02040106000321,-75.47406288246485,40.59666492161588
01476480,-75.40323,39.9161255,1986-10-01,2024-12-01,POINT (-75.40323 39.9161255),38.168377823408626,4495704,02040202000194,-75.40293732178233,39.91590905216207
01464750,-75.0348915,40.26038549,1986-12-05,2024-12-01,POINT (-75.0348915 40.26038549),37.99041752224504,4482999,02040201000107,-75.03464640529675,40.260119373190506
01467036,-75.11211669,40.1809422,1978-10-01,2015-10-06,POINT (-75.11211669 40.1809422),37.01300479123888,4489158,02040202001403,-75.11218169167294,40.18071422820956
01479820,-75.6916008,39.81677739,1988-01-01,2024-12-01,POINT (-75.6916008 39.81677739),36.917180013689254,4651090,02040205000112,-75.6909587016884,39.81665536592958
01480015,-75.6399444,39.71575,1988-10-01,2024-12-01,POINT (-75.6399444 39.71575),36.167008898015055,4651930,02040205000107,-75.63973794687928,39.71534825625418
01483170,-75.6877222,39.4626111,1978-09-06,2014-06-30,POINT (-75.6877222 39.4626111),35.813826146475016,4653600,02040205000384,-75.68750408731816,39.462706132294265
01484270,-75.2671335,38.76150117,1971-05-01,2005-09-29,POINT (-75.2671335 38.76150117),34.41478439425051,8077692,02040207000452,-75.26629453909526,38.76179852556957
0143400680,-74.4480556,41.96694444,1990-10-01,2024-12-01,POINT (-74.4480556 41.96694444),34.168377823408626,4147950,02040104000147,-74.44829266402652,41.966596805032836
01425500,-75.39277778,42.1611111,1934-10-01,1968-09-29,POINT (-75.39277778 42.1611111),33.9958932238193,2613640,02040101000652,-75.39296054462935,42.16081140783793
01464720,-75.20378458,40.28816188,1990-12-19,2024-12-01,POINT (-75.20378458 40.28816188),33.95208761122519,4482733,02040201000129,-75.20479495510733,40.28761408327291
01434021,-74.4144444,42.0111111,1991-01-01,2024-12-01,POINT (-74.4144444 42.0111111),33.91649555099247,4146586,02040104000154,-74.4148052546876,42.01127779760736
01472810,-75.4287873,40.2587137,1991-01-18,2024-12-01,POINT (-75.4287873 40.2587137),33.869952087611225,4781261,02040203000050,-75.43029054725012,40.25821888048175
01422000,-74.9180556,42.2711111,1937-04-01,1970-09-29,POINT (-74.9180556 42.2711111),33.49486652977413,2612826,02040101000124,-74.91872529599632,42.27100127747909
01434017,-74.54027778,41.92527778,1991-07-01,2024-12-01,POINT (-74.54027778 41.92527778),33.42094455852156,4147394,02040104000143,-74.54022360828388,41.9249354294928
01434498,-74.57438889,41.92041667,1991-07-01,2024-12-01,POINT (-74.57438889 41.92041667),33.42094455852156,4147396,02040104000149,-74.57483693071529,41.92060435782933
01418500,-74.8669444,41.96305556,1937-10-01,1970-09-29,POINT (-74.8669444 41.96305556),32.993839835728956,1750385,02040102000043,-74.86747042585948,41.962775345960615
01426000,-75.4280556,42.0586111,1940-10-01,1973-09-29,POINT (-75.4280556 42.0586111),32.993839835728956,2613826,02040101000169,-75.42801870625331,42.05881847852672
01443280,-74.69527778,41.07638889,1992-08-06,2024-12-02,POINT (-74.69527778 41.07638889),32.323066392881586,2583309,02040105001814,-74.6954582659949,41.07681602488473
01436690,-74.61688889,41.63805556,1992-10-01,2024-12-01,POINT (-74.61688889 41.63805556),32.167008898015055,4147634,02040104000130,-74.61836844926484,41.63639019831543
01471875,-75.7421359,40.339538,1993-10-01,2024-12-01,POINT (-75.7421359 40.339538),31.16769336071184,4780921,02040203000113,-75.74235725312752,40.33930880787498
01478650,-75.74875,39.6892222,1994-03-01,2024-12-01,POINT (-75.74875 39.6892222),30.754277891854894,4651944,02040205000123,-75.74859282285824,39.68970191005713
01471980,-75.6799095,40.2728729,1974-08-01,2004-09-30,POINT (-75.6799095 40.2728729),30.16563997262149,4781199,02040203000106,-75.6802281664328,40.27300585965006
01450000,-75.6810222,40.8317588,1940-10-01,1970-11-12,POINT (-75.6810222 40.8317588),30.11362080766598,4187389,02040106000014,-75.68082136292381,40.83138872581673
01460000,-75.0662818,40.4237156,1884-01-01,1913-12-31,POINT (-75.0662818 40.4237156),29.9958932238193,2591241,02040105000220,-75.06571143763745,40.42287943650337
01480400,-75.8449449,40.0273261,1995-02-01,2024-12-01,POINT (-75.8449449 40.0273261),29.831622176591377,4648544,02040205000769,-75.84452173723008,40.02719719623617
01467470,-76.1635523,40.6945344,1949-02-14,1978-06-30,POINT (-76.1635523 40.6945344),29.371663244353183,4779457,02040203000950,-76.16393781184247,40.69433458765535
01472500,-75.4551769,40.27510179,1884-09-01,1913-12-31,POINT (-75.4551769 40.27510179),29.32785763175907,4781165,02040203000069,-75.45527592276453,40.27496280343875
01411456,-75.0675,39.65888889,1987-10-28,2016-09-30,POINT (-75.0675 39.65888889),28.92539356605065,9481686,02040206000081,-75.06814686031181,39.65611699406672
01473120,-75.433239,40.1645495,1966-05-01,1994-09-29,POINT (-75.433239 40.1645495),28.413415468856947,4782141,02040203000447,-75.43448369898,40.16404999751089
01478245,-75.7708333,39.7475,1996-08-01,2024-12-01,POINT (-75.7708333 39.7475),28.334017796030118,4651254,02040205000129,-75.77005413210969,39.74745318035521
01413408,-74.6233333,42.14666667,1996-12-05,2024-12-01,POINT (-74.6233333 42.14666667),27.98904859685147,1748719,02040102000084,-74.62288623852893,42.14716064070679
01478500,-75.7593801,39.71400027,1952-03-01,1980-01-16,POINT (-75.7593801 39.71400027),27.876796714579054,4651934,02040205000124,-75.75868983942874,39.71381832120501
01478137,-75.7791061,39.8217764,1997-07-10,2024-12-01,POINT (-75.7791061 39.8217764),27.394934976043807,4651042,02040205000604,-75.77963600053104,39.82160492548589
01413398,-74.60138889,42.1508333,1997-10-01,2024-12-01,POINT (-74.60138889 42.1508333),27.16769336071184,1748567,02040102000091,-74.60188552577982,42.150786338283936
01421618,-74.6622222,42.3611111,1997-10-01,2024-12-01,POINT (-74.6622222 42.3611111),27.16769336071184,2612794,02040101000280,-74.6623613419084,42.361268234125816
01441000,-75.2010138,40.9792609,1911-10-01,1938-09-29,POINT (-75.2010138 40.9792609),26.99520876112252,4154460,02040104000388,-75.20048299575106,40.97946054335536
01475550,-75.2474047,39.91733516,1964-01-01,1990-10-03,POINT (-75.2474047 39.91733516),26.754277891854894,4495680,02040202001354,-75.24738703631805,39.917056600537194
01475510,-75.2724064,39.92900154,1964-02-01,1990-09-29,POINT (-75.2724064 39.92900154),26.65845311430527,4495682,02040202000159,-75.27247659404814,39.92921625688319
01466900,-74.62777778,39.9561111,1998-05-11,2024-12-01,POINT (-74.62777778 39.9561111),26.559890485968516,4491946,02040202000266,-74.62922401827292,39.956680756958704
01422747,-75.1219167,42.17266667,1998-10-01,2024-12-01,POINT (-75.1219167 42.17266667),26.168377823408623,2613498,02040101000134,-75.12208825145757,42.17250040157093
01464907,-75.119616,40.22927456,1998-11-25,2024-12-01,POINT (-75.119616 40.22927456),26.017796030116358,4482885,02040201000417,-75.11870629530122,40.22872964549823
01467500,-76.1863318,40.68370115,1943-10-01,1969-09-29,POINT (-76.1863318 40.68370115),25.9958932238193,4779499,02040203000940,-76.18677698752091,40.68344150873
01415500,-74.90027778,42.13055556,1937-04-01,1962-09-29,POINT (-74.90027778 42.13055556),25.49486652977413,1748725,02040102000200,-74.90038693782958,42.1307431564529
01475300,-75.4218614,40.0226093,1972-04-28,1997-09-30,POINT (-75.4218614 40.0226093),25.423682409308693,4489072,02040202000170,-75.42078945091428,40.02278071068489
01466000,-74.5080556,39.91666667,1952-10-01,1977-06-19,POINT (-74.5080556 39.91666667),24.71457905544148,4492020,02040202000274,-74.50825382213581,39.917023875464345
01413088,-74.5591944,42.29380556,2000-06-07,2024-12-01,POINT (-74.5591944 42.29380556),24.484599589322382,1748535,02040102000097,-74.55911003619427,42.29358934174184
01421610,-74.66888889,42.37138889,2000-08-11,2024-12-01,POINT (-74.66888889 42.37138889),24.306639288158795,2612920,02040101000133,-74.669399498418,42.37125132120649
01483155,-75.7094722,39.4309722,2001-04-01,2024-12-01,POINT (-75.7094722 39.4309722),23.668720054757017,4653400,02040205000380,-75.70942790709182,39.431263982479635
01440485,-75.32210958,41.09388988,2001-04-18,2024-12-01,POINT (-75.32210958 41.09388988),23.62217659137577,4153154,02040104000718,-75.3218904652875,41.09392039112681
01470853,-76.1432785,40.34009236,1982-10-01,2005-09-29,POINT (-76.1432785 40.34009236),22.99520876112252,4783303,02040203000467,-76.14349363170585,40.34038155873093
01424500,-75.3200833,42.09530556,1940-10-01,1963-09-29,POINT (-75.3200833 42.09530556),22.99247091033539,2614122,02040101005437,-75.3214538855808,42.08879450253832
01470756,-75.8829816,40.5142605,1973-01-19,1995-09-29,POINT (-75.8829816 40.5142605),22.691307323750856,4779053,02040203000144,-75.88268077352191,40.51381361679274
01441495,-75.2551636,40.99083514,2002-06-21,2024-11-03,POINT (-75.2551636 40.99083514),22.3709787816564,4154458,02040104000561,-75.25444323268763,40.99113901064362
01432900,-74.7805556,41.66805556,2002-10-01,2024-12-01,POINT (-74.7805556 41.66805556),22.168377823408623,4147566,02040104000193,-74.78096196604258,41.66789877056058
01484300,-75.3271366,38.81427928,1956-10-01,1978-09-29,POINT (-75.3271366 38.81427928),21.99315537303217,8077194,02040207000237,-75.32692777520238,38.81404560202402
01480638,-75.6846599,39.9303864,2002-12-24,2024-09-30,POINT (-75.6846599 39.9303864),21.76865160848734,4650698,02040205000217,-75.68482773101329,39.93016568587357
01483000,-75.3605556,39.56555556,1952-10-01,1972-10-25,POINT (-75.3605556 39.56555556),20.06570841889117,9482230,02040206030024,-75.36030701961887,39.565012274268724
